{
  "atom": {
    "E_exact": -1.7076485696831583,
    "E_lda": -1.7475577133336246,
    "E_hf": -1.6965060546294364
  },
  "molecule_exact": {
    "1.0": -1.5962639599421133,
    "2.0": -1.4234794093878655,
    "3.0": -1.290397644580786,
    "5.0": -1.169691453800309,
    "8.0": -1.1098698268613736,
    "10.0": -1.0916486076006753
  },
  "excited_d8": {
    "E0": -1.1098698268612979,
    "E1": -1.109776687178122,
    "gap": 9.313968317581356e-05
  },
  "notes": "LDA fails to converge for d>=5 stretched molecules \u2014 confirms Hodgson's point about DFT breakdown at dissociation"
}